<keymap version="1" name="macOS copy" parent="Mac OS X 10.5+">
  <action id="CompareTwoFiles" />
  <action id="Diff.ShowDiff" />
  <action id="EditorCutLineEnd" />
  <action id="EditorDuplicate" />
  <action id="FileChooser.GotoDesktop" />
  <action id="GuiDesigner.Duplicate" />
  <action id="RunDashboard.CopyConfiguration" />
  <action id="SendEOF" />
  <action id="ToggleDistractionFreeMode">
    <keyboard-shortcut first-keystroke="meta d" />
  </action>
  <action id="XDebugger.CopyWatch" />
  <action id="openAssertEqualsDiff" />
</keymap>