<application>
  <component name="CodeInsightSettings">
    <option name="HIGHLIGHT_BRACES" value="false" />
    <EXCLUDED_PACKAGE NAME="junit.framework" />
    <EXCLUDED_PACKAGE NAME="org.jgroups.util" />
    <EXCLUDED_PACKAGE NAME="scala" />
  </component>
  <component name="CodeVisionSettings">
    <option name="codeVisionGroupToPosition">
      <map>
        <entry key="inheritors" value="Default" />
        <entry key="problems" value="Default" />
        <entry key="references" value="Default" />
        <entry key="vcs.code.vision" value="Default" />
      </map>
    </option>
    <option name="disabledCodeVisionProviderIds">
      <set>
        <option value="references" />
        <option value="vcs.code.vision" />
      </set>
    </option>
  </component>
  <component name="DeclarativeInlayHintsSettings">
    <option name="providerIdToEnabled">
      <map>
        <entry key="js.type.hints" value="false" />
      </map>
    </option>
  </component>
  <component name="EditorSettings">
    <option name="USE_SOFT_WRAPS" value="PREVIEW" />
    <option name="SHOW_QUICK_DOC_ON_MOUSE_OVER_ELEMENT" value="false" />
    <option name="SHOW_INSPECTION_WIDGET" value="false" />
    <option name="IS_RIGHT_MARGIN_SHOWN" value="false" />
    <option name="ARE_LINE_NUMBERS_SHOWN" value="false" />
    <option name="ARE_GUTTER_ICONS_SHOWN" value="false" />
    <option name="IS_FOLDING_OUTLINE_SHOWN" value="false" />
    <option name="IS_FOLDING_OUTLINE_SHOWN_ONLY_ON_HOVER" value="false" />
    <option name="SHOW_BREADCRUMBS" value="false" />
    <option name="ENABLE_RENDERED_DOC" value="true" />
    <option name="IS_INDENT_GUIDES_SHOWN" value="false" />
    <option name="ADDITIONAL_PAGE_AT_BOTTOM" value="true" />
    <option name="BIDI_TEXT_DIRECTION" value="LTR" />
  </component>
  <component name="InlayHintsSettings">
    <option name="lastViewedProviderKeyId" value="" />
  </component>
  <component name="InlineCompletionOnboarding">
    <option name="onboardingFinished" value="true" />
  </component>
</application>