<application>
  <component name="GraziConfig">
    <option name="suppressingContext">
      <SuppressingContext>
        <option name="suppressed">
          <set>
            <option value="(" />
            <option value="Displays queues" />
            <option value="QueueFrameworkTestProcessor queueFrameworkTestProcessor" />
            <option value="batchUpdates.update" />
            <option value="evict earliest interval" />
            <option value="evicts earliest interval" />
            <option value="extends latest interval" />
            <option value="of latest interval" />
            <option value="scheduled- handles" />
          </set>
        </option>
      </SuppressingContext>
    </option>
  </component>
</application>