<application>
  <component name="IgnoredPluginSuggestions">
    <option name="pluginIds">
      <list>
        <option value="com.haulmont.jpab" />
        <option value="org.dynamodb4idea" />
        <option value="aws.toolkit" />
        <option value="com.intellij.bigdatatools" />
        <option value="com.intellij.spring.webflow" />
        <option value="com.intellij.spring.websocket" />
        <option value="com.jetbrains.lang.ejs" />
      </list>
    </option>
  </component>
</application>