<application>
  <component name="Trusted.Paths">
    <option name="TRUSTED_PROJECT_PATHS">
      <map>
        <entry key="$USER_HOME$/Desktop/Other/Practice/ActiveMQ" value="true" />
        <entry key="$USER_HOME$/Desktop/Other/Practice/Spring/java_web_app" value="true" />
        <entry key="$USER_HOME$/Desktop/Other/Practice/Spring/junit_basics_udemy" value="true" />
        <entry key="$USER_HOME$/Desktop/Other/Practice/Spring/maven_basics_udemy" value="true" />
        <entry key="$USER_HOME$/Desktop/Other/Practice/Spring/spring_basics_udemy" value="true" />
        <entry key="$USER_HOME$/Desktop/Workspace" value="true" />
        <entry key="$USER_HOME$/Desktop/Workspace/vault-docker" value="true" />
        <entry key="$USER_HOME$/Desktop/Workspace/vault-gradle" value="true" />
        <entry key="$USER_HOME$/Documents/Workspace/vault-gradle" value="true" />
        <entry key="$USER_HOME$/Downloads" value="false" />
      </map>
    </option>
  </component>
  <component name="Trusted.Paths.Settings">
    <option name="TRUSTED_PATHS">
      <list>
        <option value="$USER_HOME$/Documents/Workspace" />
        <option value="$USER_HOME$/Desktop/Workspace" />
      </list>
    </option>
  </component>
</application>