<application>
  <component name="DimensionService">
    <location key="find.popup.0.0.3584.2240@192dpi" x="450" y="912" />
    <location key="find.popup.0.0.1920.1200" x="206" y="265" />
    <location key="find.popup.0.0.2560.1440" x="321" y="586" />
    <location key="find.popup.2560.-610.1440.2560" x="2851" y="-139" />
    <location key="find.popup.0.0.1920.1080" x="427" y="424" />
    <location key="find.popup.2560.-351.1440.2560" x="3104" y="-12" />
    <location key="find.popup.1030.2880.3584.2240@192dpi" x="1466" y="3140" />
    <location key="find.popup.798.2880.3584.2240@192dpi" x="1234" y="3140" />
    <location key="find.popup.0.0.3440.1440" x="806" y="240" />
    <size key="GridCell.Tab.0.right.0.0.2560.1440" width="677" height="1350" />
    <size key="GridCell.Tab.0.left.0.0.2560.1440" width="677" height="1350" />
    <size key="GridCell.Tab.0.center.0.0.2560.1440" width="677" height="1350" />
    <size key="GridCell.Tab.0.bottom.0.0.2560.1440" width="677" height="1350" />
    <size key="GridCell.Tab.1.left.0.0.2560.1440" width="1750" height="992" />
    <size key="GridCell.Tab.1.center.0.0.2560.1440" width="1750" height="992" />
    <size key="GridCell.Tab.1.right.0.0.2560.1440" width="1750" height="992" />
    <size key="GridCell.Tab.1.bottom.0.0.2560.1440" width="1750" height="992" />
    <size key="GridCell.Tab.0.right.2560.-409.1440.2560" width="1394" height="2142" />
    <size key="GridCell.Tab.0.left.2560.-409.1440.2560" width="1394" height="2142" />
    <size key="GridCell.Tab.0.center.2560.-409.1440.2560" width="1394" height="2142" />
    <size key="GridCell.Tab.0.bottom.2560.-409.1440.2560" width="1394" height="2142" />
    <size key="GridCell.Tab.1.left.2560.-409.1440.2560" width="1394" height="986" />
    <size key="GridCell.Tab.1.center.2560.-409.1440.2560" width="1394" height="986" />
    <size key="GridCell.Tab.1.right.2560.-409.1440.2560" width="1394" height="986" />
    <size key="GridCell.Tab.1.bottom.2560.-409.1440.2560" width="1394" height="986" />
    <size key="GridCell.Tab.0.left.0.0.1920.1200" width="1772" height="1003" />
    <size key="GridCell.Tab.0.center.0.0.1920.1200" width="1772" height="1003" />
    <size key="GridCell.Tab.0.right.0.0.1920.1200" width="1772" height="1003" />
    <size key="GridCell.Tab.0.bottom.0.0.1920.1200" width="1772" height="1003" />
    <size key="find.popup.0.0.3584.2240@192dpi" width="2614" height="1328" />
    <size key="find.popup.0.0.1920.1200" width="1401" height="712" />
    <size key="GridCell.Tab.1.left.0.0.1920.1200" width="1250" height="765" />
    <size key="GridCell.Tab.1.center.0.0.1920.1200" width="1250" height="765" />
    <size key="GridCell.Tab.1.right.0.0.1920.1200" width="1250" height="765" />
    <size key="GridCell.Tab.1.bottom.0.0.1920.1200" width="1250" height="765" />
    <size key="find.popup.0.0.2560.1440" width="1868" height="854" />
    <size key="GridCell.Tab.0.right.0.0.3584.2240@192dpi" width="2484" height="2174" />
    <size key="GridCell.Tab.0.left.0.0.3584.2240@192dpi" width="2484" height="2174" />
    <size key="GridCell.Tab.0.center.0.0.3584.2240@192dpi" width="2484" height="2174" />
    <size key="GridCell.Tab.0.bottom.0.0.3584.2240@192dpi" width="2484" height="2174" />
    <size key="GridCell.Tab.1.left.0.0.3584.2240@192dpi" width="1408" height="1938" />
    <size key="GridCell.Tab.1.center.0.0.3584.2240@192dpi" width="1408" height="1938" />
    <size key="GridCell.Tab.1.right.0.0.3584.2240@192dpi" width="1408" height="1938" />
    <size key="GridCell.Tab.1.bottom.0.0.3584.2240@192dpi" width="1408" height="1938" />
    <size key="find.popup.2560.-610.1440.2560" width="908" height="1844" />
    <size key="GridCell.Tab.0.left.2560.0.2560.1440" width="2518" height="417" />
    <size key="GridCell.Tab.0.center.2560.0.2560.1440" width="2518" height="417" />
    <size key="GridCell.Tab.0.right.2560.0.2560.1440" width="2518" height="417" />
    <size key="GridCell.Tab.0.bottom.2560.0.2560.1440" width="2518" height="417" />
    <size key="find.popup.0.0.1920.1080" width="981" height="518" />
    <size key="GridCell.Tab.0.right.0.0.1920.1080" width="653" height="982" />
    <size key="GridCell.Tab.0.left.0.0.1920.1080" width="653" height="982" />
    <size key="GridCell.Tab.0.center.0.0.1920.1080" width="653" height="982" />
    <size key="GridCell.Tab.0.bottom.0.0.1920.1080" width="653" height="982" />
    <size key="GridCell.Tab.1.left.0.0.1920.1080" width="1407" height="796" />
    <size key="GridCell.Tab.1.center.0.0.1920.1080" width="1407" height="796" />
    <size key="GridCell.Tab.1.right.0.0.1920.1080" width="1407" height="796" />
    <size key="GridCell.Tab.1.bottom.0.0.1920.1080" width="1407" height="796" />
    <size key="find.popup.2560.-351.1440.2560" width="896" height="1846" />
    <size key="GridCell.Tab.0.left.798.2880.3584.2240@192dpi" width="3500" height="1984" />
    <size key="GridCell.Tab.0.center.798.2880.3584.2240@192dpi" width="3500" height="1984" />
    <size key="GridCell.Tab.0.right.798.2880.3584.2240@192dpi" width="3500" height="1984" />
    <size key="GridCell.Tab.0.bottom.798.2880.3584.2240@192dpi" width="3500" height="1984" />
    <size key="GridCell.Tab.1.left.798.2880.3584.2240@192dpi" width="3500" height="1984" />
    <size key="GridCell.Tab.1.center.798.2880.3584.2240@192dpi" width="3500" height="1984" />
    <size key="GridCell.Tab.1.right.798.2880.3584.2240@192dpi" width="3500" height="1984" />
    <size key="GridCell.Tab.1.bottom.798.2880.3584.2240@192dpi" width="3500" height="1984" />
    <size key="GridCell.Tab.0.left.836.2880.3584.2240@192dpi" width="1592" height="2044" />
    <size key="GridCell.Tab.0.center.836.2880.3584.2240@192dpi" width="1592" height="2044" />
    <size key="GridCell.Tab.0.right.836.2880.3584.2240@192dpi" width="1592" height="2044" />
    <size key="GridCell.Tab.0.bottom.836.2880.3584.2240@192dpi" width="1592" height="2044" />
    <size key="GridCell.Tab.1.left.836.2880.3584.2240@192dpi" width="3584" height="2124" />
    <size key="GridCell.Tab.1.center.836.2880.3584.2240@192dpi" width="3584" height="2124" />
    <size key="GridCell.Tab.1.right.836.2880.3584.2240@192dpi" width="3584" height="2124" />
    <size key="GridCell.Tab.1.bottom.836.2880.3584.2240@192dpi" width="3584" height="2124" />
    <size key="GridCell.Tab.0.left.1030.2880.3584.2240@192dpi" width="3584" height="1140" />
    <size key="GridCell.Tab.0.center.1030.2880.3584.2240@192dpi" width="3584" height="1140" />
    <size key="GridCell.Tab.0.right.1030.2880.3584.2240@192dpi" width="3584" height="1140" />
    <size key="GridCell.Tab.0.bottom.1030.2880.3584.2240@192dpi" width="3584" height="1140" />
    <size key="GridCell.Tab.1.left.1030.2880.3584.2240@192dpi" width="3542" height="1984" />
    <size key="GridCell.Tab.1.center.1030.2880.3584.2240@192dpi" width="3542" height="1984" />
    <size key="GridCell.Tab.1.right.1030.2880.3584.2240@192dpi" width="3542" height="1984" />
    <size key="GridCell.Tab.1.bottom.1030.2880.3584.2240@192dpi" width="3542" height="1984" />
    <size key="find.popup.1030.2880.3584.2240@192dpi" width="2838" height="1476" />
    <size key="find.popup.798.2880.3584.2240@192dpi" width="2840" height="1478" />
    <size key="GridCell.Tab.0.left.0.0.3440.1440" width="1792" height="1048" />
    <size key="GridCell.Tab.0.center.0.0.3440.1440" width="1792" height="1048" />
    <size key="GridCell.Tab.0.right.0.0.3440.1440" width="1792" height="1048" />
    <size key="GridCell.Tab.0.bottom.0.0.3440.1440" width="1792" height="1048" />
    <size key="find.popup.0.0.3440.1440" width="1672" height="664" />
  </component>
  <component name="WindowManager">
    <frame x="0" y="0" width="2560" height="1440" extendedState="6" fullScreen="true" />
  </component>
  <component name="WindowStateApplicationService">
    <state width="887" height="117" key="ShowUsagesActions.dimensionServiceKey" timestamp="1741028736048">
      <screen x="0" y="0" width="2560" height="1440" />
    </state>
    <state width="850" height="183" key="ShowUsagesActions.dimensionServiceKey/0.0.1792.1120" timestamp="1740617739820" />
    <state width="769" height="139" key="ShowUsagesActions.dimensionServiceKey/0.0.1920.1200/128.1200.1792.1120/1920.0.1920.1200" timestamp="1734049269978" />
    <state width="887" height="117" key="ShowUsagesActions.dimensionServiceKey/0.0.2560.1440/373.1440.1792.1120" timestamp="1741028736048" />
    <state width="1047" height="161" key="ShowUsagesActions.dimensionServiceKey/1920.0.1920.1200/128.1200.1792.1120/0.0.1920.1200" timestamp="1734026648242" />
    <state width="887" height="95" key="ShowUsagesActions.dimensionServiceKey/2560.-329.1440.2560/0.0.2560.1440/418.1440.1792.1120" timestamp="1733965065217" />
  </component>
</application>